139.19540,38.52056,73.24631,-2.55521,0,0,04:54:57,0
139.19560,38.52183,73.37596,-2.39438,0,49,04:55:46,0
139.19790,38.52410,73.50413,-2.23382,0,97,04:56:34,0
139.19820,38.52493,73.63097,-2.07404,0,145,04:57:22,0
139.20290,38.52901,73.88678,-1.74566,0,241,04:58:58,0
139.20390,38.53075,74.01367,-1.57948,0,289,04:59:46,0
139.20430,38.53265,74.13744,-1.41441,0,336,05:00:33,0
139.20880,38.53462,74.26892,-1.23499,0,385,05:01:22,0
139.21350,38.53907,74.52357,-0.86940,0,481,05:02:58,0
139.21520,38.54182,74.65032,-0.67321,0,529,05:03:46,0
139.21750,38.54335,74.77736,-0.46108,1,577,05:04:34,0
139.21800,38.54443,74.90317,-0.22529,1,625,05:05:22,0
139.22550,38.55132,75.15590,0.15066,1,720,05:06:57,0
139.22960,38.55452,75.28364,0.28034,1,768,05:07:45,0
139.23410,38.55725,75.41155,0.41175,1,816,05:08:33,0
139.23730,38.55783,75.53854,0.54334,1,864,05:09:21,0
139.24150,38.56075,75.78827,0.80680,1,959,05:10:56,0
139.24310,38.56334,75.91659,0.94448,1,1008,05:11:45,0
139.24350,38.56560,76.03629,1.07406,1,1054,05:12:31,0
139.24790,38.56967,76.16619,1.21624,1,1103,05:13:20,0
139.25400,38.57609,76.41629,1.49302,1,1198,05:14:55,0
139.25640,38.57908,76.54988,1.64243,1,1249,05:15:46,0
139.25860,38.58181,76.67032,1.77806,1,1295,05:16:32,0
139.25980,38.58417,76.79265,1.91658,1,1342,05:17:19,0
139.26280,38.58890,77.04263,2.20209,1,1438,05:18:55,0
139.26660,38.59269,77.17414,2.35374,1,1488,05:19:45,0
139.27020,38.59566,77.29512,2.49383,1,1534,05:20:31,0
139.27480,38.59790,77.42178,2.64101,1,1582,05:21:19,0
139.28250,38.60403,77.67661,2.93927,1,1679,05:22:56,0
139.28510,38.60823,77.80194,3.08696,1,1727,05:23:44,0
139.28910,38.61128,77.93058,3.23891,1,1776,05:24:33,0
139.29040,38.61448,78.05238,3.38327,1,1823,05:25:20,0
139.29540,38.62190,78.30250,3.68114,1,1919,05:26:56,0
139.29920,38.62555,78.42828,3.83154,1,1967,05:27:44,0
139.30260,38.62874,78.55631,3.98496,1,2016,05:28:33,0
139.30630,38.63110,78.67672,4.12955,1,2062,05:29:19,0
139.31310,38.63961,78.92757,4.43216,1,2158,05:30:55,0
139.31570,38.64474,79.05252,4.58347,1,2206,05:31:43,0
139.31760,38.65017,79.17704,4.73458,1,2254,05:32:31,0
139.31800,38.65519,79.30314,4.88788,1,2303,05:33:20,0
139.31870,38.66027,79.54709,5.18549,1,2398,05:34:55,0
139.31980,38.66241,79.67328,5.33962,1,2447,05:35:44,0
139.31920,38.66480,79.79331,5.48647,1,2494,05:36:31,0
139.31990,38.66650,79.91658,5.63748,1,2542,05:37:19,0
139.32100,38.66905,80.16533,5.94279,1,2639,05:38:56,0
139.32110,38.66926,80.28799,6.09361,1,2687,05:39:44,0
139.32110,38.66976,80.40803,6.24143,1,2734,05:40:31,0
139.32090,38.66955,80.53040,6.39228,1,2782,05:41:19,0
139.32090,38.66984,80.77790,6.69799,1,2879,05:42:56,0
139.32090,38.67000,80.90033,6.84950,1,2927,05:43:44,0
139.32100,38.67011,81.02024,6.99804,1,2974,05:44:31,0
139.32100,38.67023,81.14262,7.14981,1,3022,05:45:19,0
139.32110,38.67049,81.38990,7.45696,1,3119,05:46:56,0
139.32120,38.67058,81.51227,7.60917,1,3167,05:47:44,0
139.32120,38.67072,81.63456,7.76143,1,3215,05:48:32,0
139.32120,38.67086,81.75429,7.91062,1,3262,05:49:19,0
139.32130,38.67105,82.00138,8.21893,1,3359,05:50:56,0
139.32130,38.67121,82.12362,8.37162,1,3407,05:51:44,0
139.32130,38.67133,82.24329,8.52122,1,3454,05:52:31,0
139.32140,38.67156,82.36813,8.67738,1,3503,05:53:20,0
139.32130,38.67181,82.60993,8.98016,1,3598,05:54:55,0
139.32240,38.67253,82.73543,9.13742,1,3647,05:55:44,0
139.32300,38.67301,82.85551,9.28797,1,3694,05:56:31,0
139.32400,38.67356,82.97839,9.44212,1,3742,05:57:19,0
139.32390,38.67549,83.22557,9.75232,1,3839,05:58:56,0
139.32280,38.67733,83.34996,9.90843,1,3888,05:59:45,0
139.32470,38.67919,83.46856,10.05732,1,3934,06:00:31,0
139.32770,38.68164,83.59304,10.21358,1,3982,06:01:19,0
139.33170,38.68911,83.84389,10.52823,1,4079,06:02:56,0
139.33560,38.69151,83.96901,10.68535,1,4127,06:03:44,0
139.33950,38.69509,84.09438,10.84266,1,4175,06:04:32,0
139.34380,38.69784,84.21732,10.99703,1,4222,06:05:19,0
139.35010,38.70094,84.46909,11.31355,1,4319,06:06:56,0
139.35370,38.70273,84.59407,11.47066,1,4367,06:07:44,0
139.35700,38.70524,84.71650,11.62444,1,4414,06:08:31,0
139.36070,38.70655,84.84407,11.78489,1,4463,06:09:20,0
139.36900,38.70795,85.09452,12.10011,1,4559,06:10:56,0
139.37300,38.70835,85.21965,12.25765,1,4607,06:11:44,0
139.37700,38.70830,85.34727,12.41842,1,4656,06:12:33,0
139.38120,38.70821,85.46738,12.56974,1,4702,06:13:19,0
139.38860,38.70851,85.72000,12.88788,1,4799,06:14:56,0
139.38990,38.70727,85.84074,13.04022,1,4846,06:15:43,0
139.38800,38.70708,85.96237,13.19343,1,4894,06:16:31,0
139.38800,38.70805,86.08548,13.34823,1,4942,06:17:19,0
139.38670,38.70925,86.33346,13.66011,1,5039,06:18:56,0
139.38750,38.70872,86.45429,13.81232,1,5086,06:19:43,0
139.39010,38.70898,86.57905,13.96923,1,5134,06:20:31,0
139.38870,38.71044,86.69914,14.11992,1,5181,06:21:18,0
139.38800,38.71346,86.94853,14.43269,1,5278,06:22:55,0
139.38810,38.71363,87.07198,14.58778,1,5326,06:23:43,0
139.38690,38.71489,87.19755,14.74518,1,5375,06:24:32,0
139.38680,38.71500,87.31842,14.89694,1,5422,06:25:19,0
139.38680,38.71525,87.56565,15.20715,1,5518,06:26:55,0
139.38680,38.71537,87.68937,15.36230,1,5566,06:27:43,0
139.38680,38.71551,87.81318,15.51747,1,5614,06:28:31,0
139.38680,38.71563,87.93705,15.67266,1,5662,06:29:19,0
139.38680,38.71590,88.18504,15.98311,1,5758,06:30:55,0
139.38680,38.71608,88.30917,16.13837,1,5806,06:31:43,0
139.38690,38.71616,88.43601,16.29696,1,5855,06:32:32,0
139.38670,38.71629,88.56018,16.45210,1,5903,06:33:20,0
139.38690,38.71653,88.80915,16.76290,1,5999,06:34:56,0
139.38680,38.71664,88.93365,16.91816,1,6047,06:35:44,0
139.38680,38.71675,89.05830,17.07352,1,6095,06:36:32,0
139.38680,38.71684,89.18045,17.22566,1,6142,06:37:19,0
139.38690,38.71709,89.43293,17.53975,1,6239,06:38:56,0
139.38690,38.71722,89.55799,17.69516,1,6287,06:39:44,0
139.38690,38.71733,89.68054,17.84734,1,6334,06:40:31,0
139.38690,38.71749,89.80844,18.00600,1,6383,06:41:20,0
139.38700,38.71773,90.05938,18.31695,1,6479,06:42:56,0
139.38690,38.71788,90.18494,18.47232,1,6527,06:43:44,0
139.38690,38.71799,90.30804,18.62453,1,6574,06:44:31,0
139.38690,38.71810,90.43912,18.78646,1,6624,06:45:21,0
139.38700,38.71838,90.68864,19.09422,1,6719,06:46:56,0
139.38710,38.71848,90.81491,19.24976,1,6767,06:47:44,0
139.38710,38.71865,90.94127,19.40522,1,6815,06:48:32,0
139.38710,38.71877,91.06774,19.56068,1,6863,06:49:20,0
139.39150,38.72106,91.32724,19.87822,1,6960,06:50:57,0
139.39590,38.72378,91.46315,20.04350,1,7010,06:51:47,0
139.40100,38.72614,91.58895,20.19637,1,7056,06:52:33,0
139.40640,38.72790,91.72017,20.35596,1,7104,06:53:21,0
139.40750,38.72766,91.97552,20.66766,1,7200,06:54:57,0
139.40760,38.72902,92.10103,20.81987,1,7247,06:55:44,0
139.40740,38.72962,92.22888,20.97509,1,7295,06:56:32,0
139.40510,38.72976,92.35802,21.13192,1,7344,06:57:21,0
139.40340,38.73137,92.61383,21.44128,1,7440,06:58:57,0
139.40090,38.73401,92.74164,21.59456,1,7488,06:59:45,0
139.39930,38.73772,92.87331,21.75171,1,7537,07:00:34,0
139.40160,38.73770,93.01423,21.92175,1,7589,07:01:26,0
139.40300,38.73861,93.26271,22.22043,1,7681,07:02:58,0
139.40320,38.74111,93.40118,22.38541,1,7732,07:03:49,0
139.40640,38.74507,93.52622,22.53320,1,7777,07:04:34,0
139.41170,38.74832,93.66060,22.69232,1,7825,07:05:22,0
139.41290,38.74880,93.92136,23.00358,1,7921,07:06:58,0
139.41510,38.75057,94.19223,23.32513,1,8020,07:08:37,0
139.41700,38.75265,94.31677,23.47186,1,8065,07:09:22,0
139.42040,38.75663,94.58243,23.78430,1,8161,07:10:58,0
139.42070,38.75768,94.72245,23.94914,1,8212,07:11:49,0
139.42200,38.75995,94.84748,24.09526,1,8257,07:12:34,0
139.42360,38.76116,95.06847,24.35463,1,8337,07:13:54,0
139.42550,38.76300,95.24651,24.56246,1,8401,07:14:58,0
139.42570,38.76301,95.37058,24.70779,1,8446,07:15:43,0
139.42900,38.76604,95.51209,24.87134,1,8496,07:16:33,0
139.43000,38.76932,95.64139,25.02013,1,8542,07:17:19,0
139.43450,38.77260,95.91466,25.33596,1,8639,07:18:56,0
139.43460,38.77269,96.04810,25.49070,1,8687,07:19:44,0
139.43490,38.77276,96.17633,25.63912,1,8733,07:20:30,0
139.43500,38.77292,96.31862,25.80343,1,8784,07:21:21,0
139.43920,38.77271,96.58403,26.10935,1,8878,07:22:55,0
139.43920,38.77267,96.72131,26.26705,1,8927,07:23:44,0
139.43850,38.77235,96.85543,26.42099,1,8975,07:24:32,0
139.43980,38.77345,96.99465,26.57948,1,9024,07:25:21,0
139.43870,38.77382,97.26200,26.88403,1,9119,07:26:56,0
139.43990,38.77295,97.39245,27.03290,1,9165,07:27:42,0
139.43840,38.77362,97.53059,27.18909,1,9214,07:28:31,0
139.44260,38.77660,97.67122,27.34611,1,9262,07:29:19,0
139.44340,38.77881,97.94908,27.65782,1,9359,07:30:56,0
139.44350,38.77898,98.08916,27.81510,1,9408,07:31:45,0
139.44380,38.77904,98.22674,27.96929,1,9456,07:32:33,0
139.44400,38.77912,98.37028,28.12975,1,9506,07:33:23,0
139.44430,38.77943,98.63811,28.42798,1,9599,07:34:56,0
139.44330,38.77990,98.77613,28.58089,1,9647,07:35:44,0
139.43920,38.78264,98.91351,28.73100,1,9695,07:36:32,0
139.44150,38.78531,99.05560,28.88598,1,9743,07:37:20,0
139.44490,38.78499,99.33968,29.19892,1,9840,07:38:57,0
139.44560,38.78489,99.48297,29.35611,1,9889,07:39:46,0
139.44470,38.78537,99.62286,29.50872,1,9937,07:40:34,0
139.44630,38.78499,99.76433,29.66334,1,9985,07:41:22,0
139.44810,38.78469,100.05043,29.97441,1,10082,07:42:59,0
139.44850,38.78471,100.19222,30.12784,1,10130,07:43:47,0
139.44870,38.78483,100.33426,30.28102,1,10178,07:44:35,0
139.44880,38.78496,100.47655,30.43407,1,10226,07:45:23,0
139.44950,38.78511,100.76242,30.74035,1,10322,07:46:59,0
139.45020,38.78506,100.90603,30.89367,1,10370,07:47:47,0
139.45130,38.78566,101.05065,31.04710,1,10418,07:48:35,0
139.44800,38.78807,101.19353,31.19674,1,10466,07:49:23,0
139.44600,38.78839,101.48095,31.50018,1,10562,07:50:59,0
139.44590,38.78856,101.62282,31.64929,1,10609,07:51:46,0
139.44690,38.78836,101.77166,31.80559,1,10658,07:52:35,0
139.44690,38.78849,101.91731,31.95780,1,10706,07:53:23,0
139.44730,38.78863,102.20992,32.26231,1,10802,07:54:59,0
139.44720,38.78882,102.35663,32.41418,1,10850,07:55:47,0
139.44760,38.78882,102.50397,32.56639,1,10898,07:56:35,0
139.44800,38.78890,102.65173,32.71850,1,10946,07:57:23,0
139.44800,38.78915,102.94787,33.02183,1,11042,07:58:59,0
139.44820,38.78922,103.08424,33.16089,1,11086,07:59:43,0
139.44830,38.78945,103.23339,33.31239,1,11134,08:00:31,0
139.44840,38.78963,103.37979,33.46065,1,11181,08:01:18,0
139.44890,38.78959,103.68311,33.76667,1,11278,08:02:55,0
139.44920,38.78968,103.83707,33.92112,1,11327,08:03:44,0
139.44940,38.78977,103.98508,34.06910,1,11374,08:04:31,0
139.44960,38.78985,104.13349,34.21699,1,11421,08:05:18,0
139.44990,38.79005,104.44100,34.52180,1,11518,08:06:55,0
139.45010,38.79013,104.59384,34.67253,1,11566,08:07:43,0
139.45030,38.79027,104.74396,34.82000,1,11613,08:08:30,0
139.45050,38.79029,104.90083,34.97366,1,11662,08:09:19,0
139.45080,38.79046,105.20628,35.27117,1,11757,08:10:54,0
139.45110,38.79048,105.36459,35.42457,1,11806,08:11:43,0
139.45120,38.79063,105.52006,35.57455,1,11854,08:12:31,0
139.45130,38.79083,105.67277,35.72129,1,11901,08:13:18,0
139.45170,38.79094,105.98930,36.02401,1,11998,08:14:55,0
139.45180,38.79102,106.14658,36.17355,1,12046,08:15:43,0
139.45190,38.79104,106.30430,36.32298,1,12094,08:16:31,0
139.45210,38.79121,106.46597,36.47544,1,12143,08:17:20,0
139.45860,38.79218,106.78619,36.77503,1,12238,08:18:55,0
139.46300,38.79210,106.94590,36.92410,1,12285,08:19:42,0
139.46820,38.79188,107.11333,37.07988,1,12334,08:20:31,0
139.47250,38.79171,107.27391,37.22865,1,12381,08:21:18,0
139.48160,38.79390,107.60898,37.53467,1,12478,08:22:55,0
139.48640,38.79426,107.77532,37.68632,1,12526,08:23:43,0
139.49190,38.79456,107.94274,37.83837,1,12574,08:24:31,0
139.49730,38.79452,108.11378,37.99339,1,12623,08:25:20,0
139.50550,38.79607,108.44300,38.28823,1,12717,08:26:54,0
139.50590,38.79951,108.61082,38.43493,1,12765,08:27:42,0
139.50520,38.80161,108.78074,38.58415,1,12814,08:28:31,0
139.50530,38.80168,108.94345,38.72833,1,12861,08:29:18,0
139.50570,38.80194,109.28468,39.02860,1,12959,08:30:56,0
139.50630,38.80201,109.44947,39.17270,1,13006,08:31:43,0
139.50770,38.80212,109.61903,39.32029,1,13054,08:32:31,0
139.50900,38.80136,109.78842,39.46793,1,13102,08:33:19,0
139.50730,38.79899,110.12819,39.76296,1,13199,08:34:56,0
139.51060,38.79993,110.29883,39.90798,1,13246,08:35:43,0
139.51130,38.80101,110.46795,40.05088,1,13293,08:36:30,0
139.51210,38.80065,110.64378,40.20027,1,13342,08:37:19,0
139.51160,38.80203,110.98638,40.48717,1,13437,08:38:54,0
139.51180,38.80207,111.16028,40.63245,1,13485,08:39:42,0
139.51200,38.80220,111.33852,40.78054,1,13534,08:40:31,0
139.51220,38.80234,111.51012,40.92241,1,13581,08:41:18,0
139.51260,38.80264,111.86623,41.21466,1,13678,08:42:55,0
139.51280,38.80281,112.04344,41.35901,1,13726,08:43:43,0
139.51290,38.80295,112.21750,41.50011,1,13773,08:44:30,0
139.51310,38.80310,112.40345,41.65009,1,13823,08:45:20,0
139.51360,38.80345,112.75516,41.93157,1,13917,08:46:54,0
139.51380,38.80354,112.93564,42.07501,1,13965,08:47:42,0
139.51400,38.80373,113.11690,42.21823,1,14013,08:48:30,0
139.51430,38.80389,113.30649,42.36728,1,14063,08:49:20,0
139.51470,38.80415,113.66862,42.64980,1,14158,08:50:55,0
139.51490,38.80428,113.85264,42.79224,1,14206,08:51:43,0
139.51520,38.80444,114.04135,42.93750,1,14255,08:52:32,0
139.51540,38.80457,114.22296,43.07657,1,14302,08:53:19,0
139.51590,38.80480,114.59615,43.36009,1,14398,08:54:55,0
139.51610,38.80496,114.78776,43.50443,1,14447,08:55:44,0
139.51630,38.80511,114.97229,43.64266,1,14494,08:56:31,0
139.51650,38.80522,115.16145,43.78364,1,14542,08:57:19,0
139.51690,38.80547,115.54606,44.06784,1,14639,08:58:56,0
139.51710,38.80562,115.73358,44.20521,1,14686,08:59:43,0
139.51730,38.80577,115.52266,44.53624,1,14734,09:00:31,0
139.51750,38.80588,115.71517,44.67658,1,14782,09:01:19,0
139.51800,38.80611,116.10268,44.95662,1,14878,09:02:55,0
139.51820,38.80617,116.30161,45.09919,1,14927,09:03:44,0
139.51840,38.80629,116.48921,45.23279,1,14973,09:04:30,0
139.51860,38.80643,116.68987,45.37484,1,15022,09:05:19,0
139.51930,38.80671,117.08170,45.64974,1,15117,09:06:54,0
139.52190,38.80602,117.28656,45.79309,1,15166,09:07:43,0
139.52470,38.80508,117.48812,45.93355,1,15214,09:08:31,0
139.52540,38.80428,117.68859,46.07225,1,15262,09:09:19,0
139.52900,38.80134,118.09733,46.35389,1,15359,09:10:56,0
139.53080,38.79957,118.29642,46.49018,1,15406,09:11:43,0
139.53260,38.79824,118.50103,46.62887,1,15454,09:12:31,0
139.53490,38.79712,118.70725,46.76753,1,15502,09:13:19,0
139.53840,38.79388,119.12469,47.04662,1,15599,09:14:56,0
139.54040,38.79221,119.32853,47.18172,1,15646,09:15:43,0
139.54330,38.79059,119.53861,47.31995,1,15694,09:16:31,0
139.54830,38.78952,119.75673,47.46187,1,15743,09:17:20,0
139.55810,38.78772,120.18292,47.73609,1,15838,09:18:55,0
139.56250,38.78610,120.39848,47.87418,1,15886,09:19:43,0
139.56630,38.78447,120.61438,48.01158,1,15934,09:20:31,0
139.57000,38.78316,120.83597,48.15124,1,15983,09:21:20,0
139.57800,38.77963,121.26851,48.42217,1,16078,09:22:55,0
139.57920,38.77866,121.48628,48.55629,1,16126,09:23:43,0
139.58260,38.77645,121.71082,48.69497,1,16175,09:24:32,0
139.58610,38.77450,121.93223,48.83051,1,16223,09:25:20,0
139.59250,38.77047,122.37276,49.09756,1,16318,09:26:55,0
139.59710,38.76924,122.59924,49.23249,1,16366,09:27:43,0
139.60180,38.77208,122.83089,49.36493,1,16414,09:28:31,0
139.60310,38.77594,123.06084,49.49424,1,16462,09:29:19,0
139.61280,38.77693,123.53018,49.76278,1,16559,09:30:56,0
139.61930,38.77790,123.76654,49.89596,1,16607,09:31:44,0
139.62210,38.78218,123.99832,50.02183,1,16654,09:32:31,0
139.62750,38.78680,124.24413,50.15417,1,16703,09:33:20,0
139.63010,38.79361,124.71293,50.40573,1,16798,09:34:55,0
139.63390,38.79796,124.95530,50.53332,1,16846,09:35:43,0
139.63370,38.80237,125.19423,50.65792,1,16894,09:36:31,0
139.63520,38.80299,125.43252,50.78540,1,16942,09:37:19,0
139.63650,38.80457,125.91090,51.03794,1,17038,09:38:55,0
139.63660,38.80532,126.15115,51.16330,1,17086,09:39:43,0
139.63710,38.80657,126.39355,51.28822,1,17134,09:40:31,0
139.63710,38.80707,126.63577,51.41288,1,17182,09:41:19,0
139.63150,38.80936,127.11824,51.65675,1,17278,09:42:55,0
139.63060,38.80902,127.36206,51.78017,1,17326,09:43:43,0
139.62900,38.80901,127.60654,51.90255,1,17374,09:44:31,0
139.62810,38.80913,127.85322,52.02488,1,17422,09:45:19,0
139.62840,38.80737,128.35083,52.27082,1,17518,09:46:55,0
139.62730,38.80770,128.60115,52.39165,1,17566,09:47:43,0
139.62860,38.80700,128.85469,52.51416,1,17614,09:48:31,0
139.62830,38.80721,129.11369,52.63720,1,17663,09:49:20,0
139.62650,38.80745,129.61787,52.87383,1,17758,09:50:55,0
139.62450,38.80779,129.87332,52.99194,1,17806,09:51:43,0
139.62350,38.80702,130.13019,53.11092,1,17854,09:52:31,0
139.62280,38.80723,130.38974,53.22899,1,17902,09:53:19,0
139.62420,38.80409,130.91279,53.46774,1,17998,09:54:55,0
139.62460,38.80273,131.17612,53.58611,1,18046,09:55:43,0
139.62860,38.80088,131.43952,53.70401,1,18093,09:56:30,0
139.62650,38.79990,131.70815,53.82215,1,18142,09:57:19,0
139.63210,38.79962,132.25320,54.05669,1,18238,09:58:55,0
139.63220,38.79816,132.52282,54.17255,1,18286,09:59:43,0
139.63130,38.79860,132.79438,54.28605,1,18334,10:00:31,0
139.62830,38.79888,133.06426,54.39796,1,18382,10:01:19,0
139.62350,38.80261,133.61296,54.61878,1,18478,10:02:55,0
139.62580,38.80420,133.89560,54.73124,1,18526,10:03:43,0
139.62960,38.80288,134.17881,54.84602,1,18574,10:04:31,0
139.62980,38.80404,134.46096,54.95652,1,18622,10:05:19,0
139.63010,38.80322,135.02619,55.17803,1,18718,10:06:55,0
139.62980,38.80310,135.31060,55.28752,1,18766,10:07:43,0
139.63110,38.80296,135.59873,55.39734,1,18814,10:08:31,0
139.63510,38.80277,135.89216,55.50810,1,18862,10:09:19,0
139.63250,38.80110,136.47291,55.72534,1,18959,10:10:56,0
139.63210,38.79918,136.76267,55.83326,1,19007,10:11:44,0
139.63080,38.79783,137.04089,55.93530,1,19053,10:12:30,0
139.63070,38.79686,137.33493,56.04157,1,19101,10:13:18,0
139.63000,38.79573,137.93377,56.25365,1,19198,10:14:55,0
139.62810,38.79567,138.23053,56.35652,1,19246,10:15:43,0
139.62710,38.79584,138.52405,56.45694,1,19293,10:16:30,0
139.62650,38.79533,138.82525,56.55962,1,19341,10:17:18,0
139.62560,38.79373,139.43206,56.76373,1,19437,10:18:54,0
139.62700,38.79249,139.74015,56.86611,1,19485,10:19:42,0
139.62710,38.79309,140.05604,56.96787,1,19534,10:20:31,0
139.62670,38.79311,140.37866,57.07122,1,19584,10:21:21,0
139.62610,38.79335,140.98358,57.26147,1,19677,10:22:54,0
139.62550,38.79321,141.29734,57.35876,1,19725,10:23:42,0
139.62560,38.79355,141.62742,57.45937,1,19775,10:24:32,0
139.62590,38.79380,141.93285,57.55142,1,19821,10:25:18,0
139.62560,38.79432,142.57339,57.74106,1,19917,10:26:54,0
139.62420,38.79436,142.89376,57.83442,1,19965,10:27:42,0
139.62570,38.79373,143.22650,57.93092,1,20014,10:28:31,0
139.62720,38.79344,143.54761,58.02255,1,20061,10:29:18,0
139.62860,38.79302,144.24001,58.21612,1,20162,10:30:59,0
139.62890,38.79332,144.57829,58.30828,1,20211,10:31:48,0
139.62910,38.79353,144.88328,58.39040,1,20255,10:32:32,0
139.63010,38.79373,145.23968,58.48518,1,20306,10:33:23,0
139.63150,38.79409,145.90050,58.65743,1,20400,10:34:57,0
139.63170,38.79427,146.24646,58.74584,1,20449,10:35:46,0
139.63200,38.79451,146.58009,58.82987,1,20496,10:36:33,0
139.63230,38.79482,146.92241,58.91486,1,20544,10:37:21,0
139.63290,38.79544,147.61176,59.08249,1,20640,10:38:57,0
139.63330,38.79570,147.95891,59.16519,1,20688,10:39:45,0
139.63360,38.79598,148.30746,59.24703,1,20736,10:40:33,0
139.63390,38.79623,148.65755,59.32808,1,20784,10:41:21,0
139.63450,38.79687,149.36251,59.48760,1,20880,10:42:57,0
139.63490,38.79714,149.75441,59.57435,1,20933,10:43:50,0
139.63520,38.79755,150.08872,59.64702,1,20978,10:44:35,0
139.63550,38.79766,150.43157,59.72081,1,21024,10:45:21,0
139.63610,38.79834,151.16701,59.87500,1,21122,10:46:59,0
139.63640,38.79863,151.52952,59.94924,1,21170,10:47:47,0
139.63680,38.79888,151.89369,60.02269,1,21218,10:48:35,0
139.63690,38.79915,152.24362,60.09212,1,21264,10:49:21,0
139.63760,38.79978,152.97927,60.23452,1,21360,10:50:57,0
139.63790,38.80012,153.36468,60.30723,1,21410,10:51:47,0
139.63810,38.80037,153.72048,60.37329,1,21456,10:52:33,0
139.63840,38.80055,154.13214,60.44849,1,21509,10:53:26,0
139.63900,38.80112,154.84344,60.57477,1,21600,10:54:57,0
139.63930,38.80143,155.24428,60.64409,1,21651,10:55:48,0
139.63960,38.80175,155.63885,60.71100,1,21701,10:56:38,0
139.63980,38.80190,155.97920,60.76783,1,21744,10:57:21,0
139.64040,38.80258,156.75961,60.89422,1,21842,10:58:59,0
139.64080,38.80285,157.14411,60.95476,1,21890,10:59:47,0
139.64130,38.80340,157.89245,61.06918,1,21983,11:01:20,0
139.64180,38.80397,158.66206,61.18225,1,22078,11:02:55,0
139.64200,38.80427,159.04464,61.23673,1,22125,11:03:42,0
139.64230,38.80456,159.44498,61.29256,1,22174,11:04:31,0
139.64260,38.80486,159.83847,61.34622,1,22222,11:05:19,0
139.64320,38.80541,160.62917,61.45055,1,22318,11:06:55,0
139.64350,38.80568,161.01810,61.50014,1,22365,11:07:42,0
139.64380,38.80596,161.41649,61.54977,1,22413,11:08:30,0
139.64400,38.80622,161.82418,61.59937,1,22462,11:09:19,0
139.64460,38.80679,162.61853,61.69243,1,22557,11:10:54,0
139.64490,38.80705,163.02155,61.73792,1,22605,11:11:42,0
139.64510,38.80736,163.42552,61.78229,1,22653,11:12:30,0
139.64540,38.80772,163.83080,61.82558,1,22701,11:13:18,0
139.64590,38.80846,164.65283,61.90976,1,22798,11:14:55,0
139.64630,38.80850,165.06132,61.95015,1,22846,11:15:43,0
139.64660,38.80880,165.47074,61.98919,1,22894,11:16:31,0
139.64680,38.80906,165.87236,62.02638,1,22941,11:17:18,0
139.64740,38.80960,166.70451,62.09987,1,23038,11:18:55,0
139.64770,38.80990,167.10910,62.13384,1,23085,11:19:42,0
139.64790,38.81019,167.53156,62.16813,1,23134,11:20:31,0
139.64820,38.81047,167.93784,62.19996,1,23181,11:21:18,0
139.64880,38.81105,168.77879,62.26229,1,23278,11:22:55,0
139.64900,38.81136,169.19592,62.29142,1,23326,11:23:43,0
139.64920,38.81167,169.60510,62.31884,1,23373,11:24:30,0
139.64950,38.81193,170.04132,62.34692,1,23423,11:25:20,0
139.65000,38.81246,170.87206,62.39687,1,23518,11:26:55,0
139.65030,38.81275,171.29288,62.42040,1,23566,11:27:43,0
139.65060,38.81301,171.70553,62.44237,1,23613,11:28:30,0
139.65080,38.81329,172.12732,62.46365,1,23661,11:29:18,0
139.65140,38.81385,172.97295,62.50282,1,23757,11:30:54,0
139.65170,38.81412,173.39652,62.52070,1,23805,11:31:42,0
139.65190,38.81441,173.82035,62.53740,1,23853,11:32:30,0
139.65220,38.81466,174.25365,62.55332,1,23902,11:33:19,0
139.65270,38.81522,175.09475,62.58069,1,23997,11:34:54,0
139.65300,38.81549,175.52034,62.59281,1,24045,11:35:42,0
139.65330,38.81576,175.94626,62.60378,1,24093,11:36:30,0
139.65350,38.81607,176.37225,62.61354,1,24141,11:37:18,0
139.65400,38.81663,177.23402,62.62981,1,24238,11:38:55,0
139.65430,38.81691,177.65200,62.63598,1,24285,11:39:42,0
139.65450,38.81719,178.07880,62.64113,1,24333,11:40:30,0
139.65480,38.81747,178.50594,62.64512,1,24381,11:41:18,0
139.65530,38.81806,179.36025,62.64959,1,24477,11:42:54,0
139.65560,38.81832,179.78757,62.65012,1,24525,11:43:42,0
139.65590,38.81859,180.21489,62.64947,1,24573,11:44:30,0
139.65610,38.81888,180.64196,62.64763,1,24621,11:45:18,0
139.65660,38.81945,181.49609,62.64049,1,24717,11:46:54,0
139.65690,38.81973,181.92308,62.63518,1,24765,11:47:42,0
139.65710,38.82001,182.34970,62.62871,1,24813,11:48:30,0
139.65730,38.82028,182.77613,62.62109,1,24861,11:49:18,0
139.65780,38.82081,183.62850,62.60238,1,24957,11:50:54,0
139.65800,38.82105,184.05417,62.59131,1,25005,11:51:42,0
139.65830,38.82138,184.48857,62.57873,1,25054,11:52:31,0
139.65850,38.82165,184.90473,62.56559,1,25101,11:53:18,0
139.65890,38.82219,185.75356,62.53533,1,25197,11:54:54,0
139.65910,38.82246,186.18616,62.51812,1,25246,11:55:43,0
139.65940,38.82274,186.60086,62.50046,1,25293,11:56:30,0
139.65960,38.82301,187.03246,62.48091,1,25342,11:57:19,0
139.66010,38.82356,187.87665,62.43913,1,25438,11:58:55,0
139.66030,38.82381,188.28901,62.41704,1,25485,11:59:42,0
139.66050,38.82402,188.70955,62.39341,1,25533,12:00:30,0
139.66080,38.82429,189.13837,62.36805,1,25582,12:01:19,0
139.66120,38.82480,189.97606,62.31501,1,25678,12:02:55,0
139.66150,38.82507,190.39403,62.28678,1,25726,12:03:43,0
139.66170,38.82533,190.80237,62.25807,1,25773,12:04:30,0
139.66190,38.82558,191.21862,62.22766,1,25821,12:05:18,0
139.66230,38.82609,192.04866,62.16352,1,25917,12:06:54,0
139.66250,38.82634,192.46241,62.12980,1,25965,12:07:42,0
139.66270,38.82662,192.88385,62.09422,1,26014,12:08:31,0
139.66300,38.82690,193.29598,62.05823,1,26062,12:09:19,0
139.66350,38.82742,194.10870,61.98386,1,26157,12:10:54,0
139.66370,38.82765,194.52630,61.94389,1,26206,12:11:43,0
139.66400,38.82786,194.93459,61.90364,1,26254,12:12:31,0
139.66420,38.82814,195.33314,61.86314,1,26301,12:13:18,0
139.66470,38.82861,196.14430,61.77732,1,26397,12:14:54,0
139.66500,38.82890,196.54833,61.73276,1,26445,12:15:42,0
139.66520,38.82908,196.95109,61.68727,1,26493,12:16:30,0
139.66540,38.82939,197.35266,61.64062,1,26541,12:17:18,0
139.66380,38.83166,198.14738,61.54311,1,26637,12:18:54,0
139.66150,38.83484,198.53877,61.49126,1,26685,12:19:42,0
139.65800,38.83694,198.92719,61.43975,1,26733,12:20:30,0
139.65460,38.83887,199.32291,61.38632,1,26782,12:21:19,0
139.64730,38.84242,200.08518,61.28023,1,26877,12:22:54,0
139.64380,38.84340,200.46935,61.22590,1,26925,12:23:42,0
139.64090,38.84357,200.86207,61.17005,1,26974,12:24:31,0
139.63810,38.84321,201.24592,61.11485,1,27022,12:25:19,0
139.63140,38.84319,202.00721,61.00125,1,27118,12:26:55,0
139.62920,38.84198,202.38093,60.94505,1,27165,12:27:42,0
139.62590,38.84159,202.75871,60.88625,1,27213,12:28:30,0
139.62460,38.83991,203.14786,60.82581,1,27262,12:29:19,0
139.62320,38.83656,203.90054,60.70554,1,27357,12:30:54,0
139.62020,38.83589,204.27374,60.64317,1,27405,12:31:42,0
139.61790,38.83486,204.64715,60.57999,1,27453,12:32:30,0
139.61530,38.83333,205.01900,60.51644,1,27501,12:33:18,0
139.60980,38.83179,205.75683,60.38537,1,27597,12:34:54,0
139.61110,38.83006,206.13189,60.31796,1,27645,12:35:42,0
139.60990,38.82888,206.50045,60.25001,1,27693,12:36:30,0
139.60840,38.82747,206.86720,60.18148,1,27741,12:37:18,0
139.61170,38.82320,207.60901,60.04077,1,27837,12:38:54,0
139.61380,38.82084,207.97868,59.96909,1,27885,12:39:42,0
139.61580,38.81795,208.35463,59.89546,1,27934,12:40:31,0
139.61780,38.81587,208.71334,59.82331,1,27981,12:41:18,0
139.61900,38.81263,209.44292,59.67194,1,28078,12:42:55,0
139.61890,38.81020,209.80112,59.59671,1,28126,12:43:43,0
139.61640,38.80919,210.15236,59.52035,1,28174,12:44:31,0
139.61620,38.80700,210.50717,59.44327,1,28222,12:45:19,0
139.61140,38.80507,211.18784,59.28967,1,28316,12:46:53,0
139.60970,38.80328,211.54971,59.20702,1,28366,12:47:43,0
139.60830,38.80163,211.88868,59.12843,1,28413,12:48:30,0
139.60800,38.79996,212.23530,59.04689,1,28461,12:49:18,0
139.60400,38.79784,212.90988,58.88360,1,28556,12:50:53,0
139.60320,38.79603,213.25121,58.80004,1,28604,12:51:41,0
139.60120,38.79449,213.59577,58.71418,1,28653,12:52:30,0
139.60040,38.79343,213.94032,58.62662,1,28702,12:53:19,0
139.59960,38.78915,214.60010,58.45795,1,28796,12:54:53,0
139.59870,38.78653,214.93432,58.37127,1,28844,12:55:41,0
139.59930,38.78395,215.26944,58.28313,1,28892,12:56:29,0
139.59740,38.78241,215.60478,58.19263,1,28941,12:57:18,0
139.59620,38.77712,216.27022,58.01187,1,29038,12:58:55,0
139.59450,38.77540,216.58101,57.92500,1,29084,12:59:41,0
139.59440,38.77301,216.90710,57.83335,1,29132,13:00:29,0
139.59250,38.77131,217.23478,57.73932,1,29181,13:01:18,0
139.58960,38.76884,217.86603,57.55391,1,29276,13:02:53,0
139.58810,38.76793,218.19553,57.45494,1,29326,13:03:43,0
139.58810,38.76799,218.49851,57.36186,1,29372,13:04:29,0
139.58670,38.76670,218.81228,57.26582,1,29420,13:05:17,0
139.58390,38.76253,219.44328,57.07091,1,29517,13:06:54,0
139.58150,38.76125,219.74448,56.97545,1,29564,13:07:41,0
139.58050,38.75886,220.06032,56.87533,1,29613,13:08:30,0
139.57950,38.75650,220.36818,56.77662,1,29661,13:09:18,0
139.57890,38.75153,220.97546,56.57889,1,29756,13:10:53,0
139.57710,38.74958,221.28353,56.47622,1,29805,13:11:42,0
139.57410,38.74826,221.58138,56.37523,1,29853,13:12:30,0
139.57360,38.74903,221.87319,56.27295,1,29900,13:13:17,0
139.57430,38.75132,222.47276,56.05863,1,29997,13:14:54,0
139.57470,38.75341,222.76018,55.95317,1,30044,13:15:41,0
139.57500,38.75352,223.06631,55.84198,1,30094,13:16:31,0
139.57560,38.75446,223.35223,55.73611,1,30141,13:17:18,0
139.57740,38.75422,223.94084,55.51715,1,30238,13:18:55,0
139.57660,38.75216,224.22942,55.41024,1,30286,13:19:43,0
139.57540,38.75003,224.51607,55.30303,1,30334,13:20:31,0
139.57390,38.74832,224.79452,55.19743,1,30381,13:21:18,0
139.57000,38.74580,225.36277,54.97755,1,30478,13:22:55,0
139.56850,38.74434,225.64267,54.86784,1,30526,13:23:43,0
139.56610,38.74372,225.91907,54.75751,1,30574,13:24:31,0
139.56400,38.74256,226.19505,54.64687,1,30622,13:25:19,0
139.56020,38.73896,226.74477,54.42470,1,30718,13:26:55,0
139.55870,38.73798,227.01729,54.31205,1,30766,13:27:43,0
139.55690,38.73658,227.28847,54.19935,1,30814,13:28:31,0
139.55490,38.73504,227.55818,54.08637,1,30862,13:29:19,0
139.54870,38.73578,228.08674,53.85763,1,30958,13:30:55,0
139.54760,38.73361,228.35431,53.74308,1,31006,13:31:43,0
139.54670,38.73154,228.62622,53.62541,1,31055,13:32:32,0
139.54480,38.72989,228.88403,53.51246,1,31102,13:33:19,0
139.54300,38.72428,229.41175,53.28057,1,31198,13:34:55,0
139.53950,38.72583,229.66584,53.16263,1,31246,13:35:43,0
139.53890,38.72289,229.92698,53.04543,1,31294,13:36:31,0
139.53780,38.72043,230.19106,52.92524,1,31343,13:37:20,0
139.53380,38.71785,230.69466,52.69061,1,31438,13:38:55,0
139.53320,38.71527,230.95035,52.57134,1,31486,13:39:43,0
139.53280,38.71399,231.20895,52.44815,1,31535,13:40:32,0
139.53010,38.71384,231.45178,52.33031,1,31582,13:41:19,0
139.52800,38.70948,231.95249,52.08877,1,31678,13:42:55,0
139.52620,38.70866,232.20385,51.96442,1,31727,13:43:44,0
139.52550,38.70721,232.44571,51.84451,1,31774,13:44:31,0
139.52370,38.70524,232.69068,51.72261,1,31822,13:45:19,0
139.52010,38.70314,233.17521,51.47648,1,31918,13:46:55,0
139.51730,38.70164,233.41495,51.35371,1,31966,13:47:43,0
139.51520,38.69886,233.65567,51.23088,1,32014,13:48:31,0
139.51470,38.69535,233.89787,51.10707,1,32062,13:49:19,0
139.50920,38.69468,234.36711,50.85739,1,32158,13:50:55,0
139.50680,38.69252,234.60228,50.73284,1,32206,13:51:43,0
139.50610,38.69252,234.84104,50.60291,1,32255,13:52:32,0
139.50600,38.69110,235.07104,50.47838,1,32302,13:53:19,0
139.50580,38.69014,235.53555,50.22182,1,32398,13:54:55,0
139.50540,38.68933,235.76611,50.09338,1,32446,13:55:43,0
139.50480,38.68902,235.99486,49.96444,1,32494,13:56:31,0
139.50330,38.69040,236.23405,49.82666,1,32545,13:57:22,0
139.49830,38.69048,236.66697,49.57728,1,32638,13:58:55,0
139.49260,38.69182,236.89812,49.44123,1,32689,13:59:46,0
139.49200,38.69221,237.11152,49.31568,1,32735,14:00:32,0
139.48940,38.69296,237.33065,49.18547,1,32783,14:01:20,0
139.48920,38.69435,237.76691,48.92364,1,32878,14:02:55,0
139.48810,38.69456,237.98062,48.79455,1,32925,14:03:42,0
139.48750,38.69294,238.20476,48.66027,1,32974,14:04:31,0
139.48770,38.69300,238.44068,48.51591,1,33026,14:05:23,0
139.48800,38.69331,238.85941,48.25676,1,33119,14:06:56,0
139.48820,38.69328,239.06538,48.12821,1,33165,14:07:42,0
139.48840,38.69347,239.31465,47.97127,1,33221,14:08:38,0
139.48860,38.69344,239.50095,47.85335,1,33263,14:09:20,0
139.48890,38.69376,239.91909,47.58571,1,33358,14:10:55,0
139.48700,38.69331,240.12737,47.45175,1,33406,14:11:43,0
139.48320,38.69461,240.32675,47.32076,1,33453,14:12:30,0
139.47960,38.69373,240.53185,47.18762,1,33501,14:13:18,0
139.47510,38.69377,240.94477,46.91496,1,33598,14:14:55,0
139.47580,38.69290,241.15157,46.77807,1,33646,14:15:43,0
139.47170,38.69429,241.35047,46.64310,1,33694,14:16:31,0
139.46820,38.69458,241.55014,46.50799,1,33742,14:17:19,0
139.45980,38.69471,241.94591,46.23821,1,33838,14:18:55,0
139.45660,38.69433,242.14395,46.10246,1,33886,14:19:43,0
139.45630,38.69356,242.34857,45.96176,1,33935,14:20:32,0
139.45380,38.69247,242.53796,45.83114,1,33981,14:21:18,0
139.44620,38.69555,242.92354,45.55701,1,34077,14:22:54,0
139.44570,38.69529,243.12408,45.41522,1,34126,14:23:43,0
139.44550,38.69586,243.32331,45.27260,1,34175,14:24:32,0
139.44400,38.69470,243.51792,45.13433,1,34223,14:25:20,0
139.44430,38.69484,243.91775,44.84490,1,34322,14:26:59,0
139.44360,38.69394,244.09842,44.71403,1,34367,14:27:44,0
139.44110,38.69293,244.27675,44.58426,1,34412,14:28:29,0
139.44080,38.69026,244.47783,44.43876,1,34462,14:29:19,0
139.44130,38.68194,244.86137,44.16224,1,34557,14:30:54,0
139.44150,38.68133,245.05077,44.02068,1,34605,14:31:42,0
139.44250,38.68003,245.24857,43.87270,1,34655,14:32:32,0
139.44270,38.68022,245.43571,43.73036,1,34703,14:33:20,0
139.44310,38.68062,245.80772,43.44504,1,34799,14:34:56,0
139.44640,38.68241,245.99795,43.29624,1,34848,14:35:45,0
139.44670,38.68322,246.18549,43.14976,1,34897,14:36:34,0
139.44680,38.68393,246.38362,42.99431,1,34949,14:37:26,0
139.44680,38.68515,246.73575,42.71588,1,35042,14:38:59,0
139.44670,38.68595,246.92753,42.56290,1,35093,14:39:50,0
139.44640,38.68747,247.11024,42.41558,1,35142,14:40:39,0
139.44660,38.68745,247.29398,42.26831,1,35191,14:41:28,0
139.44710,38.68731,247.63351,41.99422,1,35282,14:42:59,0
139.44730,38.68739,247.81143,41.84937,1,35330,14:43:47,0
139.44730,38.68803,248.00278,41.69219,1,35382,14:44:39,0
139.44710,38.68806,248.17534,41.55030,1,35429,14:45:26,0
139.44660,38.68422,248.51803,41.27053,1,35522,14:46:59,0
139.44680,38.68432,248.71078,41.10960,1,35575,14:47:52,0
139.44700,38.68440,248.88470,40.96366,1,35623,14:48:40,0
139.44720,38.68448,249.07599,40.80235,1,35676,14:49:33,0
139.44680,38.68492,249.38031,40.54362,1,35761,14:50:58,0
139.44650,38.68496,249.59773,40.35774,1,35822,14:51:59,0
139.44750,38.68235,249.71091,40.26324,1,35853,14:52:30,0
139.44760,38.68223,249.87776,40.11955,1,35900,14:53:17,0
139.44810,38.68249,250.21663,39.82518,1,35996,14:54:53,0
139.44830,38.68259,250.38866,39.67474,1,36045,14:55:42,0
139.44830,38.68151,250.55734,39.52776,1,36093,14:56:30,0
139.44930,38.67921,250.72373,39.38335,1,36140,14:57:17,0
139.44850,38.67834,251.05653,39.08877,1,36236,14:58:53,0
139.44870,38.67846,251.22216,38.94064,1,36284,14:59:41,0
139.44900,38.67857,251.38731,38.79229,1,36332,15:00:29,0
139.44920,38.67871,251.55522,38.64078,1,36381,15:01:18,0
139.44960,38.67901,251.88253,38.34350,1,36477,15:02:54,0
139.44980,38.67910,252.04204,38.19777,1,36524,15:03:41,0
139.45000,38.67931,252.20432,38.04877,1,36572,15:04:29,0
139.45030,38.67938,252.37298,37.89340,1,36622,15:05:19,0
139.45070,38.67958,252.69169,37.59791,1,36717,15:06:54,0
139.45090,38.67971,252.85526,37.44530,1,36766,15:07:43,0
139.45110,38.67982,253.01499,37.29568,1,36814,15:08:31,0
139.45130,38.67989,253.16763,37.15217,1,36860,15:09:17,0
139.44710,38.67837,253.48554,36.85313,1,36957,15:10:54,0
139.44440,38.67647,253.63917,36.70888,1,37004,15:11:41,0
139.44140,38.67521,253.79819,36.55829,1,37053,15:12:30,0
139.43740,38.67542,253.94837,36.41419,1,37100,15:13:17,0
139.43530,38.67773,254.25716,36.11444,1,37196,15:14:53,0
139.43390,38.67791,254.41129,35.96494,1,37244,15:15:41,0
139.43500,38.67903,254.56946,35.81005,1,37293,15:16:30,0
139.43170,38.67843,254.71852,35.66510,1,37340,15:17:17,0
139.42700,38.67600,255.02726,35.36434,1,37437,15:18:54,0
139.42690,38.67566,255.17730,35.21659,1,37484,15:19:41,0
139.42710,38.67573,255.33004,35.06526,1,37532,15:20:29,0
139.42730,38.67583,255.48548,34.91066,1,37581,15:21:18,0
139.42770,38.67596,255.79193,34.60432,1,37678,15:22:55,0
139.43140,38.67847,255.94080,34.45250,1,37725,15:23:42,0
139.43090,38.67866,256.08765,34.30432,1,37772,15:24:29,0
139.43110,38.67873,256.23783,34.15239,1,37820,15:25:17,0
139.43150,38.67890,256.53693,33.84824,1,37916,15:26:53,0
139.43160,38.67896,256.68891,33.69294,1,37965,15:27:42,0
139.43180,38.67911,256.83741,33.54061,1,38013,15:28:30,0
139.43200,38.67917,256.98248,33.39139,1,38060,15:29:17,0
139.43240,38.67929,257.28069,33.08316,1,38157,15:30:54,0
139.43260,38.67940,257.42765,32.93049,1,38205,15:31:42,0
139.43280,38.67943,257.57427,32.77776,1,38253,15:32:30,0
139.43300,38.67945,257.71749,32.62812,1,38300,15:33:17,0
139.43340,38.67965,258.00880,32.32220,1,38396,15:34:53,0
139.43360,38.67975,258.15692,32.16594,1,38445,15:35:42,0
139.43380,38.67973,258.29871,32.01599,1,38492,15:36:29,0
139.43390,38.67982,258.44603,31.85964,1,38541,15:37:18,0
139.43430,38.67995,258.73377,31.55295,1,38637,15:38:54,0
139.43440,38.67997,258.87409,31.40277,1,38684,15:39:41,0
139.43460,38.67999,259.01712,31.24924,1,38732,15:40:29,0
139.43480,38.68006,259.15978,31.09564,1,38780,15:41:17,0
139.43510,38.68015,259.44996,30.78190,1,38878,15:42:55,0
139.43530,38.68021,259.58867,30.63129,1,38925,15:43:42,0
139.43550,38.68021,259.73004,30.47742,1,38973,15:44:30,0
139.43560,38.68023,259.86808,30.32676,1,39020,15:45:17,0
139.43140,38.67722,260.15063,30.01953,1,39117,15:46:54,0
139.42920,38.67514,260.29022,29.86759,1,39165,15:47:42,0
139.42610,38.67406,260.42830,29.71610,1,39213,15:48:30,0
139.42410,38.67280,260.56405,29.56694,1,39260,15:49:17,0
139.42410,38.66942,260.84370,29.25907,1,39356,15:50:53,0
139.42430,38.66957,260.98219,29.10459,1,39404,15:51:41,0
139.42460,38.66962,261.12050,28.94999,1,39452,15:52:29,0
139.42460,38.66966,261.25833,28.79557,1,39500,15:53:17,0
139.42510,38.66985,261.53342,28.48617,1,39596,15:54:53,0
139.42530,38.66988,261.67339,28.32821,1,39645,15:55:42,0
139.42550,38.66995,261.81020,28.17342,1,39693,15:56:30,0
139.42570,38.67002,261.94390,28.02180,1,39740,15:57:17,0
139.42610,38.67019,262.21900,27.70874,1,39837,15:58:54,0
139.42640,38.67026,262.35481,27.55367,1,39885,15:59:42,0
139.42650,38.67034,262.49021,27.39871,1,39933,16:00:30,0
139.42670,38.67040,262.62824,27.24040,1,39982,16:01:19,0
139.42710,38.67054,262.89229,26.93656,1,40076,16:02:53,0
139.42740,38.67059,263.02683,26.78127,1,40124,16:03:41,0
139.42760,38.67064,263.16385,26.62279,1,40173,16:04:30,0
139.42780,38.67072,263.29502,26.47072,1,40220,16:05:17,0
139.42820,38.67080,263.56227,26.16002,1,40316,16:06:53,0
139.42800,38.67037,263.69550,26.00498,1,40364,16:07:41,0
139.42770,38.66970,263.82855,25.84999,1,40412,16:08:29,0
139.42800,38.66976,263.96417,25.69119,1,40461,16:09:18,0
139.42830,38.66983,264.22627,25.38343,1,40556,16:10:53,0
139.42850,38.66991,264.35838,25.22784,1,40604,16:11:41,0
139.42860,38.66998,264.49295,25.06906,1,40653,16:12:30,0
139.42890,38.66998,264.62473,24.91333,1,40701,16:13:18,0
139.42910,38.67007,264.88733,24.60209,1,40797,16:14:54,0
139.42910,38.66993,265.01561,24.44977,1,40844,16:15:41,0
139.42920,38.67004,265.14909,24.29083,1,40893,16:16:30,0
139.42940,38.66994,265.27708,24.13829,1,40940,16:17:17,0
139.42960,38.67010,265.53762,23.82677,1,41036,16:18:53,0
139.42950,38.67034,265.67010,23.66787,1,41085,16:19:42,0
139.42830,38.66981,265.79930,23.51311,1,41133,16:20:30,0
139.42700,38.66891,265.92571,23.36167,1,41180,16:21:17,0
139.42740,38.66898,266.18719,23.04653,1,41277,16:22:54,0
139.42660,38.66770,266.31353,22.89466,1,41324,16:23:41,0
139.42480,38.66723,266.44407,22.73699,1,41373,16:24:30,0
139.42490,38.66731,266.57275,22.58105,1,41421,16:25:18,0
139.42420,38.66592,266.82696,22.27314,1,41516,16:26:53,0
139.42420,38.66607,266.95503,22.11722,1,41564,16:27:41,0
139.42420,38.66627,267.08557,21.95804,1,41613,16:28:30,0
139.42440,38.66628,267.21083,21.80519,1,41660,16:29:17,0
139.42460,38.66646,267.47130,21.48661,1,41758,16:30:55,0
139.42340,38.66674,267.59243,21.33805,1,41804,16:31:41,0
139.42350,38.66655,267.71973,21.18199,1,41852,16:32:29,0
139.42350,38.66670,267.84933,21.02274,1,41901,16:33:18,0
139.42390,38.66666,268.10052,20.71367,1,41996,16:34:53,0
139.42410,38.66668,268.23247,20.55100,1,42046,16:35:43,0
139.42420,38.66675,268.35366,20.40139,1,42092,16:36:29,0
139.42460,38.66663,268.48549,20.23856,1,42142,16:37:19,0
139.42470,38.66683,268.73236,19.93291,1,42236,16:38:53,0
139.42480,38.66691,268.86088,19.77354,1,42285,16:39:42,0
139.42510,38.66686,268.98420,19.62052,1,42332,16:40:29,0
139.42510,38.66702,269.10975,19.46448,1,42380,16:41:17,0
139.42540,38.66713,269.36595,19.14567,1,42478,16:42:55,0
139.42550,38.66725,269.49120,18.98956,1,42526,16:43:43,0
139.42680,38.66482,269.61273,18.83904,1,42572,16:44:29,0
139.43150,38.66043,269.74214,18.67937,1,42620,16:45:17,0
139.43150,38.66163,269.99651,18.36080,1,42718,16:46:55,0
139.43140,38.66189,270.12099,18.20486,1,42766,16:47:43,0
139.43130,38.66216,270.24535,18.04893,1,42814,16:48:31,0
139.43280,38.66085,270.37111,17.89175,1,42862,16:49:19,0
139.43180,38.66222,270.62112,17.57731,1,42959,16:50:56,0
139.43250,38.66172,270.74322,17.42404,1,43006,16:51:43,0
139.43250,38.66196,270.86714,17.26808,1,43054,16:52:31,0
139.43100,38.66340,270.98966,17.11333,1,43102,16:53:19,0
139.43290,38.66196,271.23878,16.79998,1,43198,16:54:55,0
139.43350,38.66159,271.36288,16.64360,1,43246,16:55:43,0
139.43330,38.66190,271.48619,16.48788,1,43294,16:56:31,0
139.43310,38.66232,271.60938,16.33218,1,43342,16:57:19,0
139.43300,38.66267,271.85585,16.02060,1,43438,16:58:55,0
139.43310,38.66285,271.98162,15.86148,1,43487,16:59:44,0
139.43320,38.66304,272.22521,15.55312,1,43582,17:01:19,0
139.43270,38.66253,272.46577,15.24853,1,43676,17:02:53,0
139.43260,38.65913,272.58945,15.09277,1,43724,17:03:41,0
139.43240,38.65891,272.71212,14.93725,1,43772,17:04:29,0
139.43250,38.65904,272.83482,14.78154,1,43820,17:05:17,0
139.43260,38.65909,273.08003,14.47028,1,43916,17:06:53,0
139.43280,38.65922,273.20260,14.31458,1,43964,17:07:41,0
139.43290,38.65934,273.32506,14.15900,1,44012,17:08:29,0
139.43300,38.65935,273.44749,14.00344,1,44060,17:09:17,0
139.43330,38.65948,273.69222,13.69236,1,44156,17:10:53,0
139.43340,38.65955,273.81702,13.53368,1,44205,17:11:42,0
139.43330,38.65920,273.93666,13.38163,1,44252,17:12:29,0
139.43290,38.65566,274.05935,13.22640,1,44300,17:13:17,0
139.43110,38.65422,274.30265,12.91720,1,44396,17:14:53,0
139.43060,38.65386,274.42439,12.76238,1,44444,17:15:41,0
139.42950,38.65378,274.54820,12.60486,1,44493,17:16:30,0
139.42880,38.65400,274.66707,12.45355,1,44540,17:17:17,0
139.42900,38.65292,274.91110,12.14327,1,44636,17:18:53,0
139.42830,38.65315,275.03494,11.98565,1,44685,17:19:42,0
139.42920,38.65305,275.15473,11.83328,1,44732,17:20:29,0
139.42870,38.65318,275.27612,11.67883,1,44780,17:21:17,0
139.43010,38.65183,275.52315,11.36488,1,44877,17:22:54,0
139.43050,38.65116,275.64263,11.21305,1,44924,17:23:41,0
139.42900,38.65136,275.76330,11.05960,1,44972,17:24:29,0
139.42820,38.65120,275.88445,10.90564,1,45020,17:25:17,0
139.42910,38.65082,276.12822,10.59598,1,45116,17:26:53,0
139.42920,38.65083,276.24984,10.44153,1,45164,17:27:41,0
139.42930,38.65089,276.37143,10.28716,1,45212,17:28:29,0
139.42890,38.65024,276.49283,10.13317,1,45260,17:29:17,0
139.42860,38.64908,276.73588,9.82502,1,45356,17:30:53,0
139.42840,38.64912,276.85726,9.67116,1,45404,17:31:41,0
139.42850,38.64913,276.97882,9.51715,1,45452,17:32:29,0
139.42750,38.64824,277.09985,9.36396,1,45500,17:33:17,0
139.42770,38.64810,277.34553,9.05312,1,45597,17:34:54,0
139.42760,38.64769,277.46450,8.90275,1,45644,17:35:41,0
139.42770,38.64772,277.58607,8.74917,1,45692,17:36:29,0
139.42720,38.64698,277.70992,8.59284,1,45741,17:37:18,0
139.42730,38.64709,277.95049,8.28942,1,45836,17:38:53,0
139.42740,38.64712,278.07210,8.13623,1,45884,17:39:41,0
139.42720,38.64704,278.19355,7.98335,1,45932,17:40:29,0
139.42600,38.64567,278.31458,7.83116,1,45980,17:41:17,0
139.42440,38.64355,278.55708,7.52659,1,46076,17:42:53,0
139.42560,38.64287,278.68206,7.36982,1,46125,17:43:42,0
139.42570,38.64296,278.80122,7.22049,1,46172,17:44:29,0
139.42580,38.64304,278.92802,7.06176,1,46222,17:45:19,0
139.42600,38.64313,279.17156,6.75739,1,46318,17:46:55,0
139.42610,38.64317,279.29084,6.60857,1,46365,17:47:42,0
139.42620,38.64324,279.41015,6.45990,1,46412,17:48:29,0
139.42630,38.64326,279.53203,6.30821,1,46460,17:49:17,0
139.42610,38.64317,279.77822,6.00243,1,46557,17:50:54,0
139.42470,38.64044,279.89956,5.85190,1,46605,17:51:42,0
139.42390,38.63781,280.01876,5.70423,1,46652,17:52:29,0
139.42410,38.63785,280.14088,5.55329,1,46700,17:53:17,0
139.42430,38.63795,280.38767,5.24901,1,46797,17:54:54,0
139.42440,38.63796,280.50733,5.10140,1,46844,17:55:41,0
139.42450,38.63806,280.62957,4.95145,1,46892,17:56:29,0
139.42460,38.63811,280.75187,4.80178,1,46940,17:57:17,0
139.42490,38.63821,280.99669,4.50323,1,47036,17:58:53,0
139.42500,38.63827,281.11915,4.35442,1,47084,17:59:41,0
139.42500,38.63830,281.24161,4.20598,1,47132,18:00:29,0
139.42510,38.63838,281.36418,4.05777,1,47180,18:01:17,0
139.42540,38.63844,281.60703,3.76527,1,47275,18:02:52,0
139.42550,38.63854,281.73235,3.61497,1,47324,18:03:41,0
139.42560,38.63859,281.85263,3.47113,1,47371,18:04:28,0
139.42580,38.63864,281.97815,3.32150,1,47420,18:05:17,0
139.42600,38.63873,282.22160,3.03272,1,47515,18:06:52,0
139.42460,38.63713,282.34643,2.88521,1,47564,18:07:41,0
139.42110,38.63598,282.46744,2.74280,1,47612,18:08:29,0
139.41740,38.63492,282.58840,2.60105,1,47660,18:09:17,0
139.41610,38.63331,282.83170,2.31789,1,47755,18:10:52,0
139.41490,38.63194,282.95443,2.17599,1,47803,18:11:40,0
139.41510,38.63201,283.08063,2.03112,1,47852,18:12:29,0
139.41400,38.63028,283.20101,1.89339,1,47899,18:13:16,0
139.41370,38.62985,283.44826,1.61366,1,47995,18:14:52,0
139.41370,38.62800,283.57214,1.47460,1,48043,18:15:40,0
139.41380,38.62814,283.69613,1.33682,1,48091,18:16:28,0
139.41390,38.62815,283.82280,1.19715,1,48140,18:17:17,0
139.41420,38.62826,284.07133,0.92664,1,48236,18:18:53,0
139.41440,38.62826,284.19318,0.79583,1,48283,18:19:40,0
139.41450,38.62830,284.31765,0.66352,1,48331,18:20:28,0
139.41450,38.62832,284.44477,0.52985,1,48380,18:21:17,0
139.41480,38.62835,284.69170,0.27463,1,48475,18:22:52,0
139.41490,38.62835,284.81659,0.14793,1,48523,18:23:40,0
139.41200,38.62758,284.93971,0.02451,1,48571,18:24:28,0
139.40840,38.62545,285.06508,-0.22302,1,48620,18:25:17,0
139.40230,38.62043,285.30897,-0.66003,0,48715,18:26:52,0
139.39870,38.61839,285.43464,-0.85617,0,48764,18:27:41,0
139.39590,38.61623,285.55569,-1.03509,0,48811,18:28:28,0
139.39160,38.61447,285.67852,-1.20947,0,48859,18:29:16,0
139.38660,38.60883,285.92671,-1.54813,0,48955,18:30:52,0
139.38640,38.60513,286.05501,-1.71821,0,49004,18:31:41,0
139.38320,38.60292,286.17632,-1.87621,0,49051,18:32:28,0
139.38040,38.60025,286.30323,-2.03963,0,49100,18:33:17,0
139.37500,38.59462,286.55226,-2.35571,0,49196,18:34:53,0
139.37310,38.59189,286.67745,-2.51269,0,49244,18:35:41,0
139.36970,38.58955,286.79919,-2.66423,0,49291,18:36:28,0
139.36780,38.58660,286.92461,-2.81963,0,49339,18:37:16,0
139.36420,38.58089,287.17594,-3.12858,0,49435,18:38:52,0
139.36230,38.57787,287.30437,-3.28540,0,49484,18:39:41,0
139.36020,38.57485,287.42749,-3.43519,0,49531,18:40:28,0
139.35840,38.57178,287.55624,-3.59120,0,49580,18:41:17,0
139.35310,38.56664,287.80778,-3.89408,0,49676,18:42:53,0
139.35050,38.56414,287.93379,-4.04503,0,49724,18:43:41,0
139.34670,38.56171,288.05916,-4.19475,0,49772,18:44:29,0
139.34390,38.55868,288.18260,-4.34199,0,49819,18:45:16,0
139.33740,38.55327,288.44004,-4.64741,0,49917,18:46:54,0
139.33650,38.55080,288.56247,-4.79202,0,49963,18:47:40,0
139.33270,38.54880,288.68857,-4.94036,0,50011,18:48:28,0
139.32900,38.54706,288.81490,-5.08847,0,50059,18:49:16,0
139.32120,38.54321,289.06771,-5.38392,0,50155,18:50:52,0
139.31600,38.54264,289.19631,-5.53304,0,50204,18:51:41,0
139.31180,38.54106,289.32024,-5.67683,0,50251,18:52:28,0
139.30750,38.53925,289.44693,-5.82356,0,50299,18:53:16,0
139.29880,38.53611,289.70346,-6.11936,0,50396,18:54:53,0
139.29510,38.53421,289.82829,-6.26295,0,50443,18:55:40,0
139.29160,38.53250,289.95614,-6.40956,0,50491,18:56:28,0
139.28700,38.53096,290.08346,-6.55514,0,50539,18:57:16,0
139.27940,38.52641,290.33946,-6.84750,0,50635,18:58:52,0
139.27490,38.52513,290.46736,-6.99259,0,50683,18:59:40,0
139.27020,38.52421,290.59535,-7.13725,0,50731,19:00:28,0
139.26600,38.52253,290.72648,-7.28547,0,50780,19:01:17,0
139.25780,38.51879,290.98662,-7.57865,0,50877,19:02:54,0
139.25410,38.51678,291.11034,-7.71770,0,50923,19:03:40,0
